lotid,parcelvalue
11614222,468766.9302081846
11555888,501932.09875983343
13052987,267406.6902019868
12448473,253868.02811111452
12559155,211948.82156255672
10725371,385748.71047749685
10803706,230307.78077072088
12014726,1650192.6157642535
11096205,225913.94653602078
11619184,856563.5074420614
12095203,621480.8975936078
10814735,1377973.5070282847
10846119,350248.38035174244
10792339,285885.05645886704
11342880,316847.5905454832
11164820,221820.28701989344
11179859,444200.59526136087
10869776,581647.9439498362
11662161,1387969.0252483133
10964688,232906.15919322078
11989457,349508.2281296114
10813862,548616.2363393559
10852312,116585.25359143775
10807894,367475.42903441825
10910934,396970.1953831837
11667598,1822335.4616204067
10721874,334489.5208778049
10796569,559403.7275139836
11168377,267827.6376306159
11093237,364254.6141776635
10805003,310021.12890059483
10716693,248599.14350111334
10718567,488260.9484612068
11089415,314225.90940528765
11012619,239956.33480324972
12071829,651928.8564861196
10724824,281785.85399649286
12122623,377754.23490440723
10963116,320841.10955438984
11077670,451059.05059651344
12103331,264107.5211891758
10788715,409509.07257869333
11516907,312747.14842185663
10804010,290187.6932375053
11095106,132113.94228483722
10855852,1375859.281127316
12015927,208629.55157446535
10843039,288948.4081526573
11525034,909928.8526292288
10728342,218140.1502527581
11609689,586878.3772935215
11088869,252434.52648091855
10765811,246618.15773146154
11687535,1453364.1741190988
11691487,1246298.1324728027
10897043,390150.6049270099
10836781,218522.55447664153
11078803,486305.38530975796
12103791,178654.5241955479
11040560,236810.79063261612
10969602,227903.80011722085
11989081,1533624.7557838142
11166769,199370.95118538433
10763210,312324.38453507033
10806659,308291.11652319034
10812133,535378.8466736632
10833846,174948.40120774577
12624177,296046.4585283414
10735903,486911.099993431
10850432,175181.18010707878
12171628,493558.1626566514
12076783,329809.9483045483
11781377,706279.4178924635
12457226,147729.76321784753
10816474,965239.935811323
12052604,301848.505680002
10735075,425976.3368854839
11965726,273621.837930115
11147659,290737.75663137756
11595745,1319755.9807929334
11816452,178927.90730666285
11104358,229994.29037535907
11171749,1138690.4263863817
10813208,1381853.1065429067
11088903,294825.60528210545
11668734,2052469.7467320135
12614441,468961.22312948556
11871851,360868.60901974177
10817435,1030539.4278614774
10823231,202236.82459322168
12514802,331976.9731383812
10767383,339077.0058395599
10735460,468992.331193277
11142020,560039.063680286
12021911,1002835.2076403091
12491431,322403.844034577
11037540,217166.93195837384
11619968,509156.48235850804
11565978,556252.6884843799
10989127,398032.33661519387
11129281,433681.8225998586
11819541,461415.59149781417
10811983,827670.4277746658
10799459,399803.50839293527
10726520,450800.2795929056
11119332,498517.5289646941
10731178,529657.6926597485
11462237,1968701.2483021512
11719147,803039.3921399146
12043851,263782.50629226427
10867704,1330602.2129626658
10997974,396023.9479806431
11987383,589203.6272401636
12100321,640063.8808216443
11343917,422022.6297759345
11172897,87428.6446716859
12565954,197576.66612078028
10833240,257344.8217538882
12013967,369863.94607853645
10712998,432519.27742248104
10799613,324539.29440365004
11098226,244181.56096128304
10867262,621377.3251187764
11105313,399044.72239629796
11009586,509955.5690493882
10901832,450086.26208403026
12464067,252842.04806289563
10911656,819797.044409228
11062196,254467.10163294311
11076224,382214.88942375587
12901896,320825.03653777565
10787168,453586.103324431
11655297,899169.6833982265
11764419,135004.02623638866
11950530,584301.2176633142
10764203,234886.48922946127
11940976,401125.2595211097
12014878,255916.27866328578
11997230,515589.19478357484
12983425,338230.37450184167
12035802,1879368.176418262
11121009,689558.9807624933
10799945,145019.79413642638
12529997,247378.55698694318
11160875,211330.62291863444
10759918,476110.5376848113
10762889,605691.2594629285
11080429,356547.5624510156
10848954,301978.6196966438
11085861,310424.40460285277
11969635,209270.5641265292
10738249,389816.6286663356
10793993,220156.8321192266
10916984,1540544.7962336293
11167527,201522.159994514
12087336,329683.9517560923
10761777,220372.37684558233
11015923,257001.33793282145
11344703,350756.92081139935
10839216,289872.2811278881
10776387,233474.59703148963
12051950,516343.38463419664
10794766,336811.7345975992
10724193,974182.3208219904
12465876,181974.17937239533
11163104,163352.27407377478
11093473,371017.1776057624
12511812,271284.4287761483
10816195,361996.2091738404
12515041,299911.68837978836
11051658,235577.28170235708
11465083,381046.7594920371
10744909,373418.5049986023
11720617,113542.56121752647
11082053,164985.87446050034
10838391,272852.0167222186
10818293,407375.32968583924
11396460,222358.33152081058
12468282,239571.7014236867
12075906,532473.5722097654
10729722,217415.20127708433
10886908,464845.5025860458
11602423,1976043.654561494
11160647,201817.17061137076
11656409,2725949.0875876434
10916127,1118363.0978453085
11099515,306665.33868057694
10722924,309675.23550537566
12023622,732975.2218368158
10886282,277168.27151095506
10852111,116585.25359143775
10727879,265809.8022490436
12525613,276896.55231121933
11085313,357776.2331139809
11078063,384812.3913183004
10885492,243663.90009703513
11097492,296861.84936899424
12007037,246225.2035613087
11029321,252524.53352388923
11166536,384739.8544804939
10727859,256196.03461264342
10785482,182181.40738488868
12107528,320887.87388431135
11712923,226265.80261456544
12039969,266074.5577376931
11655832,2652752.9786471343
11016943,293243.1781435882
11085856,344094.7595781568
10859731,343750.545539194
12533110,358764.3142620156
12164722,328243.4940211307
11078304,305959.60396682884
12522520,569165.1394501975
12037447,1838182.8995324974
10903475,941978.343906593
12042978,178815.0230239797
11066302,363271.8117661626
10811122,610017.1148637128
11028976,277096.9374139463
11039448,157946.7304738721
12603438,432002.7560119971
12019301,877333.533624843
10920556,879857.3348135015
11554605,662081.812678608
11150536,557146.4776695143
10714535,430085.5760750622
11071215,389424.12537873053
11074852,365705.4323307721
10775984,169799.01504993046
12864622,331565.14258191286
10718396,457971.46001235297
10916567,662741.3293592748
10851357,535113.8637853026
12074248,460449.236723681
10805954,802288.84505419
12625652,143494.06614812056
11545109,511486.19336194394
10786145,277502.21363140055
11010537,311516.0463120101
12094956,994483.5312050402
10866986,837006.750362206
11009545,556660.9790528547
11526586,601205.1376607
11120615,342882.9780281932
13051216,349477.9865211534
11166690,289969.7312843904
10769791,205656.13819508214
10723573,340696.1191149167
10894408,370712.688960634
10758889,398513.75858891103
11107570,307869.7149034687
10967561,236968.44709891558
11099700,611476.3595989287
11458083,408804.5909271582
11153862,215821.82681471625
10861717,3286849.8363848045
11644172,705560.5908452135
12057203,529946.4852715642
12000285,812832.4490612291
11144099,310738.7631819826
12623729,253783.55407753316
11047926,176890.32758069178
10722184,149869.88968769924
10774160,140116.741203194
12029368,330912.64764012286
11888612,1583896.4818617902
11569153,926488.6429125363
10736059,229635.9036530616
11948562,265590.4293708874
10736583,147406.95855858288
10904465,402348.7009473202
11164306,381338.488530771
10997459,248617.28527829118
11109342,276533.8564011935
12679301,351323.9496979614
10895660,741830.3505575857
11098817,310890.1994904855
10733681,362459.65926471364
11447567,305341.26684214163
12095482,464949.81779053574
11155490,241131.6665277596
11155557,235577.63647493828
12525771,550244.6905650469
11524569,583400.1197926307
11036870,149772.4517501523
10882339,246495.68179214533
10851824,596996.2148592275
10859048,376027.98607096303
12996233,229094.1014383728
11009245,688663.749698278
12057845,655147.1379662511
10792911,240398.1321695739
10801835,280896.2834197298
11152462,216681.62177163
11095059,442068.6427436066
11139542,287762.5153669535
10991371,278956.201414255
10805770,432843.95936144236
10857570,563752.4273425643
11539005,264653.0529101079
12614208,708611.8290333673
11119718,578883.3031875514
11691746,1102678.095520014
11569251,925176.5349452393
11633846,535732.7270818602
10972468,206422.5910404092
10766366,274042.2088254848
12076303,276681.72767494374
12077151,549091.9745255489
11602840,768764.3795358147
10990226,166140.2014057566
12515719,609794.7589927517
11128785,366643.1381462955
10880127,260350.3086575115
12490286,247010.59692354116
11741136,360556.5732115541
11788715,393838.28795029706
11939780,273470.01103487576
12456803,304646.0976195483
10902508,461842.16470901907
11669571,1663872.7917976563
10778471,266383.94129552314
12994991,150129.4294503807
10931233,372433.2589495138
11099122,384030.7382929426
11565276,560256.6850497258
12058810,310045.1931070561
11871869,284075.5796845616
11046165,154213.88187198222
10712555,363618.52602468245
10797612,359561.6131965158
10716316,301178.59231254994
10888873,253730.5057653415
12020896,939490.8363368612
11122082,408944.90597599925
12015054,591839.4027143824
11173673,450842.2938567891
11089459,429532.0328466315
10796604,377989.3138356063
12623739,276563.68703553174
11878614,285684.8885856878
12510543,243172.78331780044
10731152,428507.22608889913
11566314,610542.0247294138
10989137,719331.8242498073
10723475,338920.62917554
11643446,403830.65707247687
12091414,225084.82142987338
11647107,1353970.6715301452
10729930,327036.97430254193
11155757,186272.22182154772
12511946,293167.11099846556
12115295,305490.8391738654
12121343,346759.484967642
11945598,1110821.625262917
11061672,275955.4565597467
10854943,420917.5974229583
11651528,1213360.5516992956
10901642,231037.7146558494
10729356,273484.87532789964
11093456,430875.5318102929
10736842,1253737.611300079
11009725,453821.3136031244
10866820,463856.3238031748
10877524,255746.50418327
10791398,369562.10102585464
11164100,323665.57701202977
11149929,638644.5458444727
13054708,365144.6060864791
11889169,1339854.8215305419
10757119,397632.9754930024
11994264,253744.078897187
12599554,484733.87260502804
11556555,231525.7386320589
10877137,182076.53852666976
12029734,704570.0958428882
11757283,701741.9579901645
11607787,561603.8743248452
12680426,293117.707247764
11108929,365695.8462490993
11570030,1046344.0860405033
10782489,193249.44310023542
11053048,201830.0712197566
11159964,221015.5738778655
10906375,297950.68728323013
11467733,326193.0544628126
10803447,162260.91147995857
11654368,1432916.0444999917
11152384,325660.02311787615
11872365,333404.3889533178
10735557,462483.3175736744
11165867,282739.2838655172
12034976,848536.2068980153
10799785,462892.72338188894
10853543,354968.01666508685
11554043,550135.3090926878
11563899,530760.8660050809
10800112,386714.0392161985
11671920,1855713.97638827
11078856,417385.8101421474
12058221,661357.3570974285
11734658,241438.60735458802
10722124,149233.6988984467
10882208,286907.42669150606
10813426,379444.3290496615
11005986,262660.22919823916
11039059,258692.9866393447
13916144,223137.9847654199
12126316,376602.6871997468
12119757,512597.96559778316
11619987,535309.8312295278
10759917,559285.5820399206
12592830,273610.44048723986
11658695,1130421.827248141
10762749,256695.7528973919
12547115,388255.6105938199
11049992,337800.1504521893
11686001,821164.7120672851
11619774,507316.9433191322
10726118,730829.9657762833
11601320,361754.43341712153
11977063,349697.34860868065
10854703,497383.7705994489
11756466,461651.1485920296
12108612,753332.9113294346
10910430,341928.8782719712
10911457,368160.1076052704
10778534,273957.50505640224
10788585,212017.75093892947
12096415,360606.77314754773
10736015,413512.66579128045
11138998,276642.57261291903
10719831,235778.46506033425
12060266,266199.90224032424
11052005,226497.2596047186
10813488,426302.03773401026
12102855,186536.12678167125
11480373,290180.1054216385
10870004,502502.79191973456
10868371,576960.6629617909
12994329,400775.1191427525
10792936,195253.67043916968
10932019,421746.81881809194
11057562,231744.80818375395
11165262,439879.8917583801
10726847,1065360.4384523998
11082460,307968.5283384805
12095144,797460.02595157
11643915,315636.83110522345
11053309,234218.2270427706
10905413,488629.9488047744
10922093,151641.45867211177
10813483,533050.1151663623
10723366,362276.92442840536
10811997,562300.6847286089
12072560,738558.0522144893
11068267,522870.1631125647
11888746,2407048.29059417
12540221,161100.17406960996
11527597,447798.54763651063
10776769,270370.7236471208
10774251,240209.75094657057
10877038,245579.42095665826
11646239,439384.1028804895
11659912,877792.7622181672
11166303,293376.9706316546
11661383,4506775.525924191
11727910,137540.8627492422
12058483,396383.37345765316
12496672,181874.97236073343
12607179,247158.07199923423
10773349,105353.69665170719
10845638,445949.11895803205
11027993,197716.37149620664
11169110,324706.59713396506
11595920,374794.17784402595
11061251,249704.52320584224
12232498,129475.71533661074
10774188,297127.76978669874
11112327,276732.8375372421
12012501,458706.43211617495
11558485,325587.1029913322
11146985,191351.74124770885
12048924,697671.4955606547
10757445,469764.10296008736
11046620,194923.32300241382
11016330,456254.8255440411
11079290,462027.79228098097
12073166,719717.2699212768
11655472,1313195.1420893779
10987485,286178.49274235184
12088111,351265.2110390837
11079867,3123703.7459155396
10787847,283802.17620776093
11148274,290923.48864990316
11101776,244243.7068911597
10716523,339673.6618027424
11618043,478788.3778433766
10803443,187525.89615362472
11118934,260349.8431961897
12126386,240749.78215569342
11118308,249470.682084219
11720030,99565.10791747106
11019940,88089.1318698192
12014843,221351.32241692013
10719534,274237.7127255582
10827748,238706.66242379547
12607736,251798.44077469438
12493921,197676.44476085945
11615979,451065.9675928367
11663679,1859776.8670310688
11150398,570831.4380718686
11644084,3214368.5170332277
10809730,333687.0661158062
10790927,325345.1823302585
12032973,468534.0644251953
11456445,481338.1501325332
10969324,238556.66506051476
10718642,341721.0940340501
12548196,478774.2424235232
10772569,160208.29998384728
12058199,657704.3426257083
11653319,830327.3409772664
13050111,736684.5385559006
10965062,286701.7771101865
10917311,406473.1598512899
10782074,144608.14805635056
10783528,160080.81714952306
12112290,194276.19990065348
14248238,360586.0656912468
11162259,465163.35959581373
11054439,233240.70331204994
11164359,268606.876724586
11523236,948258.9471947586
11936022,252420.84709662283
11631226,872087.2132794809
13052758,264485.23135884374
11081303,360484.64414461964
11790776,163761.32997852928
11474147,213603.95501748755
10825858,173378.35495430604
11983172,167357.42082039698
10818998,152172.01133896437
11147962,319359.69196965575
10876330,203964.00274947615
11664068,2691868.521035687
12036233,271550.5525233186
10859096,487849.8695856753
10757494,529680.7373268121
11060405,271219.15364628076
11063433,529265.3307006261
11064099,190844.9592797746
12051845,316081.8976216083
11650419,1330182.5063587371
11007847,250947.36243374902
11628538,459671.7167377649
12072458,473765.13661703136
10849995,254355.96419717828
11654295,1124291.065103321
10796543,507448.42224211624
12068061,304030.4077160261
10764496,236998.63773413203
12630750,200958.8077246526
13053872,1213086.6213832616
10724429,1051792.109259663
12072557,1096419.3873302448
10814979,459820.90752683283
11344767,380491.6221625777
11086545,228238.43953762364
11613589,393264.8850048976
12494940,469452.63721227506
10784744,223585.76483587248
10716421,222230.8769328936
10987702,234939.490448903
11887436,448211.9059883015
10867230,607277.0956470727
11118730,285299.7088224469
11150119,818096.7079936715
12533935,378707.52150499343
10734903,443762.9184293085
11090565,686950.5710088019
11024902,294489.20194652095
11075582,352716.6947538964
11168724,319879.7168470233
11051150,158812.5750104388
12067280,139172.45254163057
11602972,848449.804283381
12489702,297949.2056395775
11036839,245476.24168461835
11130706,207978.3477875888
12028176,833901.2675270626
10908156,293741.4117428827
11073370,274468.4514772916
12438019,224537.55376293676
11092925,408091.6289893715
12047349,378474.765718128
10798884,121868.83342928383
12435224,560965.2228058683
11106136,347555.6368772083
10724469,759215.702680336
10852780,395931.2585181125
12118824,295181.03559315234
11057905,421200.41322225897
11060467,331415.0381394189
12058200,755844.1778107868
12084692,241983.27534881863
12900031,219438.18140696004
11039004,205144.27549672453
12495488,166363.69252710068
11112095,659028.2221344088
11341792,195373.33664280738
12029450,899751.4112337314
10852721,738130.3957102655
10911485,452058.6219788504
11168219,243666.39200087855
11094718,282378.4689646667
11083779,560064.8440180904
11667774,1799318.9293673406
11740725,246019.11699247782
11144218,141497.9638829248
12093763,402304.7639224012
11559043,381917.3415642574
12067521,147531.4547284718
11671521,850406.1973234662
11161614,209948.1690975377
10938590,285839.21270869224
11871750,248071.00545146552
11715404,254080.68514057665
11701155,193218.9337908637
12982939,403982.63122953224
11168085,387350.58905602596
11087486,250493.85648041923
12164046,343221.0863502752
12900142,189077.802167889
12025007,297627.12486182136
11119563,577653.9815935863
11016045,281629.7718809655
10786358,268218.2236748784
11082462,316032.0408403841
11570867,648169.2618329107
11047337,245120.14015565882
11072487,428408.1935485762
12125981,553140.6507177306
10754974,1212877.0203849326
12110075,257413.53226429466
12984138,231429.19428090507
11452930,380204.9847671551
10817802,1043064.9514160086
11666911,1084127.4078983825
12900137,200511.93281601576
12171200,285508.41796236584
12160129,327780.8284396777
10889255,327366.49161137064
11093832,324429.12717207806
10926680,154758.53893055965
12247612,179307.42733002148
12066042,168903.04115260174
10830036,315302.5800098602
11170888,121788.95967095815
11725546,147787.40727399592
10804939,310008.8171726289
11566428,346629.8069694669
10758408,413870.01371373126
10924068,248196.6186296253
10866048,784224.4934770402
10768236,307775.1385524471
12047227,367734.8471507234
11464986,459419.03147887246
11603650,775747.609496125
11012945,275810.17583118036
10832728,321066.2169928442
12533065,309321.37904549844
10972909,150772.11920351698
11046221,181924.6469217556
12631136,152308.66671198056
10729261,534150.4938532013
11345228,252906.6280640827
11450146,370857.96662786766
11668408,652035.4710848446
12086521,305233.48203592864
11159866,196580.2645028789
11542171,643564.2776767035
11623942,886997.1633087215
12511801,246218.69410859875
11655776,1279169.4841556714
10779517,298782.0611383714
11804345,161832.33259076948
11150429,651462.8650266869
11537141,999597.3317057338
11179816,280979.5647732654
10857523,220197.70004457704
10815217,465142.90938826965
12557312,307079.4333272003
12058377,491146.7285787567
10783824,225306.3467904255
11106511,124251.41189976312
11009502,848166.035405745
10801670,175803.9919496748
10838809,285977.0088483524
11871167,163797.29583280117
11181430,285171.7328912322
10795906,278890.63116693846
10793763,234143.9038915152
11080762,687872.5196197977
11644856,1289536.988911271
10989499,215036.08999851946
12090590,177731.25951769124
12048663,540264.2934846194
10799566,349448.9166315439
10786484,239331.31274523836
11640989,681702.8873804193
10916449,643668.1228326284
11886072,1080531.9956646266
11036567,180125.32166373875
12625561,167106.2161384751
11059182,215734.862968096
12038423,1032347.9213396477
10814695,1642648.3747541595
10895316,370285.6238426794
11154970,162468.67774730237
12517781,333347.942539934
12047666,624316.1795508013
10912314,488980.2818728396
11095882,134012.07969982128
11993830,305639.49965388456
10766369,277791.4683819627
10803779,459575.30466415815
11755401,409186.489819654
11065942,284359.0823559763
10800166,306584.79942076944
11046420,205284.97962469285
14217455,313273.2101020847
11606243,334460.69515349437
10990267,584232.6265720082
10987181,214351.23571677456
11995906,675885.154208667
11085052,283840.2683163706
11619615,250129.1184497747
10781198,387791.74614878144
10759254,648193.634734667
11480556,431697.10728305066
11153429,331278.805257307
11114398,444743.25553853845
10963114,289089.81525334186
11458927,570901.2861701908
11757507,330355.1669690382
12055187,415619.95602604275
11654764,1358974.8716753211
11983616,471442.23191082623
10870478,2062785.0439463411
10715538,229068.9113745495
11457094,486854.33268757147
10744471,350320.0983573075
11015580,405376.1357222237
10798978,123513.54229779003
11025659,234424.94734365182
11129131,345083.7978840454
11888693,1361218.7304882992
10982497,165008.60596260967
11342593,336264.6955370498
11691683,1019666.441168623
11149702,392768.4332193552
11050399,287866.0057017146
10887137,258796.14008032109
11653701,2559707.9737884975
11686592,2573549.475704077
10870621,3418832.1907437965
12057774,688693.5313214172
10827050,259666.81037889884
11081191,278391.72484645736
10764531,235992.59188428865
10722333,186874.69276301117
11068608,386384.51162419235
10895190,386989.2784855061
12058030,2206231.2095664027
12558247,229377.96218154958
10756778,284440.0063629883
11042711,228757.51330411152
12045528,305042.54574270087
12558599,277232.0642790224
10759189,742655.3374177509
11114903,523725.50474320824
10802226,358878.5645916118
11658935,793996.5882251462
10807917,700674.7819652805
11006519,343485.2170454019
10714254,398231.67590829317
10870512,912909.5015157976
11947450,344896.857646006
12083543,244170.35683664618
11079813,455126.389787221
11094760,139156.13533456103
12097530,680712.51787103
12525773,294649.67866280576
10738353,325910.6974962163
12208181,165776.71956201378
11179886,728675.8487965843
12228473,81646.65169641445
11138881,178286.63235933697
11871564,232082.91262326215
11047935,165565.99946457497
10717834,640133.3597137223
11027456,208517.6771313004
10806883,526327.8450882564
11073270,936986.6753096622
10832817,221620.79134320523
11580587,956938.3844950373
11535840,1934793.8934706005
11069058,344831.99780893687
10857775,1111877.9482344987
11085115,262454.55365496234
11043329,218189.18253460483
12671951,401621.2780812947
10877719,212450.39419633182
11066050,321692.4959754585
11988981,1667740.0134899744
10908303,277385.64815470163
10826318,304545.6379380613
10858942,951549.5623830963
12669284,979874.8845920309
11616508,364242.6885519343
10866973,836816.2491875837
10883374,292293.2445287009
10738153,472154.0715706175
10897774,175309.73974936942
12254236,176821.56315548733
11112404,381389.91204951075
12037713,749831.4495912003
11648986,3040805.7853989764
12898488,162856.36244905452
11556499,190350.30458651626
12516494,341126.0200638299
12669644,651785.1905398493
14311579,426840.5458432117
11012929,501306.9598858129
10831301,319452.0748478887
10797328,406333.3412829108
11788747,325780.1406235043
11055358,291615.360705193
10875362,323242.7846786083
10807891,344382.52120185026
11009221,586883.1165650517
12222698,272239.6848476157
11713385,410522.6100783821
11019340,239424.15840428113
11660646,2306213.5968299736
11961299,621095.622966422
11064851,264703.29793216824
11008678,390111.42132639256
12500000,413805.7202274493
11525829,489261.36708152253
10984574,168875.27014799803
10797208,730499.5519892278
10935424,332842.05284220015
10757053,380867.25699909485
11149401,316898.1659616651
12526016,979323.5903224939
11542328,411454.5101086636
10855372,1364704.8083001536
10792655,306908.2454676354
11062852,106315.12317997834
10783764,243068.07812221828
11540813,343810.6342168998
11105067,209555.21369858578
11180757,294604.1692215657
10859635,318399.63950312603
11028952,179730.31141469983
10712139,420969.4419780919
10782071,147082.34850135265
10836088,234008.82027588203
12569793,136301.31657877748
10798732,132276.17704902668
10851539,1138268.2348293164
12096583,337633.57052105345
10831691,90791.50639699168
10881774,183035.73765442448
10771536,331813.96239665075
10745389,733703.505402348
10717285,213606.2383310223
10916375,1048737.0429574961
11523988,1110180.9047669885
11163412,436295.10410406237
11667623,919163.5889170853
10967846,181208.18256760892
11066477,342060.1960563877
11419679,341635.0822355611
10814582,1928838.2342074967
12520223,283676.32755677257
11644572,770627.1440448017
10929234,242169.153509733
11023231,188283.88893370845
10869805,764394.147641135
10871741,309404.32348941115
11168815,179167.98507703943
10983626,296444.48911412247
11337181,359669.41843579774
11568471,4202241.193251601
11921558,408050.676669438
11139002,145782.22800244292
11113757,333657.12316716684
11066712,360688.71506352077
11080947,491054.05539214495
11879133,258985.0602871445
11161764,329049.47305123555
10715629,237616.86811117138
11148349,331975.64968526375
10777402,380869.9122457124
12048982,870352.1809164123
10873787,337903.5316221223
11110914,234503.89046949026
10764188,232324.97061540608
10850853,249159.35776173763
10895801,378274.85306008684
11036036,263946.38229128544
11623949,1094189.9657036003
10803930,142496.27309607586
11466543,355363.6882737725
11749632,561379.4366629627
10934208,608218.3968601717
11036995,163160.62239084006
12111252,484634.833730675
12490863,401118.84317658964
10859365,684405.5813065848
10852308,91835.36570182886
11657708,942961.2778284416
11064410,353886.2191603452
11105143,195999.34960023992
11648023,1198581.3893616684
10757133,440173.31916686596
11160407,223163.61772895316
10796109,348903.82689038716
10833839,241542.30770824067
11659959,2497598.991665285
12526200,473216.59701946983
10887126,253317.3935658401
11468026,278849.66711935104
11020833,232810.87451953103
10761156,287556.51641520846
11055097,189434.30480094478
11607983,1744600.4460885355
10926124,222983.04369270883
11068401,599143.2228923995
10991050,184922.40592067537
10964678,246668.79113731094
11616122,1054104.0809662398
11752567,374659.87175998586
10859825,268429.28760276025
12112555,472934.5431205453
11973443,441624.0864143176
10721556,316901.1907035854
11970183,212543.6714466528
10761250,276964.6905518351
11618217,522784.2195269917
11590289,682529.6013549026
12071702,414264.187435742
11997970,465280.92437393655
10839233,453032.02883740247
10915655,516701.90013472165
10735667,1071668.498110225
10860763,400167.00460239226
10856324,415802.7026294459
10803566,161572.1217240215
10867127,520575.1772482356
10915738,555087.6125044121
10718323,487371.9827256951
12438729,506752.23522188986
11973764,285883.3755056414
10738508,478433.45137558517
11049865,279426.66463036416
11889298,2651545.881847556
10777507,361408.6622249263
10775136,294072.39030833764
11046618,172002.0096521929
10768425,261798.26186358352
12036242,339574.76704589464
12864749,286787.58316354867
12639996,301050.0913160764
11610341,770527.9654334354
12540934,210592.55697643993
12996875,187845.9091632936
11523770,505793.5671332224
11645205,2408229.4966903673
11013500,316578.6914367887
12501856,417039.3670252078
10757117,471741.7648292512
12029167,276487.60514942027
10867461,778233.467289574
10814679,1609043.894019434
12493073,244931.13922627812
10722894,263892.97769881884
12462045,310049.9423256215
11892200,593596.6121778105
12091776,238562.15535905366
10817618,997170.0700273052
12522095,528789.2892748078
11871748,288975.130137106
11098755,336079.8365014723
10910031,372305.87251242547
10771537,332768.5984731417
11017300,218925.800110882
11074894,416955.3480294712
11099567,163532.51071413612
11467705,306093.88827088714
11070831,530159.4426456703
11939876,574637.522406485
10799702,460647.7874014869
11071354,402922.2666294525
10767070,317710.9002302714
12525560,452981.22815191204
10982309,226873.52470694177
10903516,752985.7670250912
10898015,328952.98416021623
10735780,628587.278349954
10841814,238395.69435310684
11669721,6373017.236432301
12469090,388635.47035458375
11120804,384823.911169272
11168140,208857.82117596432
12121566,332613.49434874154
11550944,640606.9734384358
10764534,236109.88706017725
11779594,315684.3570539088
10849556,257950.74475492415
11538326,526610.8902066884
10745685,1022830.171653987
11343178,229981.89686855965
10862820,292209.43971965637
10866747,551780.0681875355
11046522,337923.4667040333
11552374,501014.0449681955
11981076,263174.87556967506
12460628,347691.7957177616
12564278,285250.7330857031
12532976,376696.5851963306
12058883,329725.41808758746
10866290,623386.6873594121
12219404,111409.45478236108
11154039,119279.96149065025
11888256,1488189.236361518
12016395,645905.9113279714
10802610,535337.4527669277
10895435,319590.28881605546
12549002,199786.8574804686
11040291,305251.61526277085
10930078,562389.113147331
11466050,465964.6947964072
10897487,372338.2223873404
11096978,301651.85697514314
10815506,510878.13568781293
11168402,463102.887596715
12522064,437010.99006741645
10820702,233716.59150757524
11071390,457448.2705069729
11162769,424136.2789338008
12066360,281715.3879244822
12042657,336106.88504419394
11045296,161766.22076847687
10892874,730124.9021250514
12044841,484729.1411568441
10719175,233825.86040352393
11618718,591290.7518176718
10862822,300088.0648672992
11014523,264593.2726567416
11643821,760309.7780013263
11690571,1680702.3378568855
10744671,417740.94285660185
11968237,422931.80408831936
10786472,276862.0180582357
10854594,604264.7095852195
11094309,253375.57416146627
11166748,221244.31582972934
11180818,319978.1179808915
11657430,595175.9940335237
12202223,146432.4120472028
11063673,375776.6174786914
11022761,156548.15099725948
10910534,341928.8782719712
12077002,541356.1244147534
11946309,421519.88062219945
10858361,375774.15508453414
11169443,510611.6613583037
11106563,122192.38566657242
10867984,962388.691880879
11167520,202615.56298571217
10733863,492706.0580316353
12076766,641471.7123357727
11019916,303256.23184023745
10815871,304879.8612979669
10911427,490865.9466325702
10715997,229406.25250983075
11119157,510451.89085950813
10899595,180670.8545198929
11618875,474426.92255157
12447351,169954.3081118498
10723585,225752.31521605214
10802659,479304.94195042807
10815220,603857.7637394294
12516941,260690.7862915994
12898846,157807.34921986877
10771621,238808.89382719764
12538250,312776.7562846047
10773000,312761.68639294314
10911091,419134.91047431214
10741463,540614.0065490352
11172014,179616.27895696645
12085932,168946.78771024902
10877019,249505.88725179975
11886263,492809.2586504471
10716327,321031.88844846317
12656729,615698.8642812582
10793273,228936.9702809034
11157199,656595.6168177107
10792643,300301.53435398336
11538154,1061680.8949542465
11015977,268973.10119896824
11707893,127185.67250731798
12122332,336787.91158934793
10772840,151717.06894204245
10753123,606987.464222118
12526822,996377.0880286755
10908372,346696.24387556984
12511744,245173.50980462294
12197195,137462.33467429125
12553988,197874.31559432647
11998462,579329.6156855047
11994263,253744.078897187
11046309,504319.4370132819
12060069,292972.12314151577
11096260,107419.04573960752
12057355,899192.1496357187
11941834,300911.0308480083
11100473,336998.219857462
10851193,291745.36390222865
11155443,232193.70196638085
10767515,294614.6809889842
11345226,255073.35089446622
11002052,413868.66679244814
11166368,349053.2972888395
11983757,1075005.896170532
12048873,534164.6758144728
10989028,313802.00309930625
10806541,623013.5654310044
10787416,386275.9248030825
11077913,226374.77198631642
11607302,429057.7204316235
10919783,313234.6811733141
10786959,222847.27253135087
10904909,448790.3019054126
11343419,261188.03812361372
10894292,506358.3287881889
11523778,457646.49049309705
10877548,247106.66117196536
10815621,666574.5120218117
11078404,501145.11388261133
12437972,234338.7707547093
11004537,881109.6404324662
11104976,192772.09100998892
11108764,281148.5683820921
12518992,568115.8438159353
12198105,124495.5617934234
11080524,272607.9141112653
11526073,569566.4273745343
11087901,222347.2512370127
11650512,904804.7590358439
11452841,241898.23637624338
12035020,1166489.688884206
11791069,226338.31055458126
10799018,276893.18524568004
11087361,297683.675060887
10860682,427279.4621576816
11538461,940148.8098991278
10817144,369433.6210331692
11154440,276227.05966024887
11654411,1082481.2878431904
11013222,275021.92753539776
11889045,700488.9306277195
10837946,255519.09999537255
12101492,450030.7000220791
12076920,343699.03457210574
10759213,712191.0907066833
11167060,287664.96140165214
11051500,295751.5626397137
11531219,192578.43945085938
11988934,2685229.788652681
11149422,402142.6005354417
11031470,405945.66706521355
12629929,253625.9455893565
10882564,349830.72237990715
11056089,237982.24026278598
11872600,150723.0073029798
10915922,594935.0926109885
10983915,121647.63779584234
11104508,433807.9142770208
10864711,539472.4220152975
10866421,460137.0875418358
12114300,364457.7322781766
11345849,601272.0837396298
11993931,454640.4846876133
11084858,259397.2926976087
10785780,194969.5897169141
12016349,777339.4199858947
12212450,232570.65146951296
11181144,548415.0341548233
12493985,262137.18864312652
11886503,643233.7240007552
12517062,374395.54240636074
12866737,225644.42484229995
11055581,224388.89191973358
11034375,281443.5097684782
11059819,213975.52022277858
11052534,217203.48924861875
12005606,330489.40607742575
11587344,839307.9221183829
10853494,980352.6295364125
11744632,235075.22478879138
10845635,482296.1815305973
11087028,303510.98092739255
11761549,193505.1438583411
10745142,722498.6237037646
12094576,1491109.3849479882
11120688,952556.4473142191
12672946,757697.7560223796
11524331,548892.259695404
11059635,366381.1480319448
11596793,150800.97883669508
10767786,283506.2387319066
10930407,525245.8655568223
10723312,391255.615214541
11596822,231270.54184563673
10744140,421636.8792328066
11046251,166111.22313453697
10817175,438615.94787708065
12516133,330517.0464912158
11137181,406997.9832149406
11948006,899487.7136948914
12510108,432774.4813501388
12046453,622458.0248734677
11658024,627128.5127701805
11101179,290557.3433899615
11779950,412882.87017572665
11155567,234254.92595452254
11615977,451065.9675928367
10965024,174861.72204360977
12079439,521873.4049319023
11564887,383882.482389133
12091753,222365.64087437748
10814855,596892.6841342348
11633974,443172.2849370578
12102681,198036.3881070137
12865597,264638.76964853326
11181067,482443.5457741671
10784096,223766.8268143038
10822818,195893.85510155407
10892943,463607.0464176913
10784472,257467.67330004755
11118321,331691.4774031492
10712850,350430.322250652
11115532,457425.3639116906
10869958,697776.7559299197
11137530,337153.367321941
11996856,1180077.518482509
10989734,334489.7485608412
10880624,214553.72396096753
12111994,300651.8580355049
11781327,393523.50520959863
12052553,432743.67510297947
11770183,92472.0888756421
10731282,336486.1661783076
12698490,356218.65923814767
11658923,1148741.5268633626
11153018,352202.4724172075
11154593,411279.6526189774
11971156,379708.99031936366
11057047,263331.5555590607
12554075,202910.23845488488
10825831,240594.5031544174
10809941,648064.1126956114
10770489,150031.68729205948
12509785,356119.72313780594
12100954,489742.1490276089
11622976,237110.04550682488
10769863,268410.29356491234
10828976,174807.91261626038
11962692,350365.5044955627
10715083,448590.6907701926
10860487,355558.7715357672
10916308,643057.72235666
11072165,534951.4957195655
11653706,1941504.3967250132
10764409,309977.2463340247
10721226,130853.65942329452
11007271,247979.98915401747
11641025,2493612.7613551733
11889641,1974048.6792073098
10774446,239931.41069650627
11137743,702311.3544314017
10838989,268593.14008608554
11067757,1335142.5305547642
10989808,259454.17779309003
11542167,693823.3519258718
10987055,213189.30637335166
11154722,155410.73070812426
10870728,641070.7460958658
10725248,298778.3111759498
12464210,410065.5510871399
10816847,493682.31459183985
11956290,323103.30772559496
13840872,277120.45809282886
10797379,739459.1779698771
10774246,259491.68118959572
10908274,329442.20822023886
12025911,786534.7546749478
11615352,368418.243878125
11462245,717121.7810136536
12048723,593206.5389419612
11871777,258833.89467314456
11563628,535812.0749577628
12101145,329471.0817429604
12074134,465232.751078284
12467020,374163.9014547074
10715332,254377.94991318812
10773223,235601.92917418387
11951961,507782.0539107301
12106057,209857.78867094874
11162335,572001.8680385867
10916268,1679017.0285153354
11151143,701991.4906439469
12523865,754229.8345112314
12036769,430589.81488494354
12517286,328433.29235810944
10915252,502820.4650805335
12454821,142631.9683662487
10729656,216357.20983958
12052220,506568.75827512314
12669615,682453.9268938624
11784669,325141.0388203716
10767893,242565.80742950182
10869383,1528237.2013988513
11143605,314478.7282056582
10801638,347483.9963884026
12046233,480413.85852405167
11664504,2181640.959184284
11527936,444558.49449484976
10998479,1161514.6808253534
11624717,650094.4608941191
10794737,290353.0423897376
11106448,156142.80135295502
12101645,396634.9185485329
10816912,701770.585278055
10902789,785198.583946046
12543235,319419.93277842517
11129383,342983.6920518653
10898249,256232.7476349881
12554686,157961.8560858141
10870172,1055506.5521680966
10905690,2158675.1346228775
12624518,406803.1758763606
11065057,230929.32148418867
11473995,226307.699144523
11761075,118502.49309655715
10852320,88964.71849056828
10848514,239038.9999763051
11072042,505218.7263929134
12498402,261043.0057296925
12458054,175452.4091794919
12690890,446397.25761544576
11955235,180504.20095001595
10736675,178189.17933160593
11558327,448082.9100164959
10730860,239881.1357592192
11579435,1807672.15889713
13877593,365044.33829364
10804854,331851.19096849597
11941293,332938.27989471
10891099,221253.64186181498
12058138,611625.5430295018
10767412,339035.24962241575
12523187,366299.5473260888
12073634,808504.1364930327
10818797,182115.87648362803
10823114,197687.5994336958
11526184,546261.8292491003
11173652,448953.6892269479
11666932,1515085.413165839
11068845,1083790.2640247494
10728395,211065.37044072815
10857373,323904.4751268241
10774741,248473.35830758774
11158717,378802.5821613044
13053418,1268553.5093397174
11467513,326193.0544628126
10730970,363746.1708709295
11048755,280177.46597982966
10732967,464485.9522222497
12073710,608991.3928866461
11019460,364309.44260691875
12031039,798896.7330059144
10723092,296433.9883626538
12699788,367690.0994279394
11671247,889052.1807611196
11993818,359028.9043852225
12043584,388291.52361238055
11069061,398537.8581954016
12684058,310907.84820586717
11653667,788750.9739384454
10922042,327066.72123337316
11122480,295974.6759197639
10790935,202368.42933944231
11063964,282116.92195185233
12082785,381884.21828530746
10805476,616468.0698992418
11600979,651135.9592137171
10806917,543375.7933588726
11082021,173675.46124619292
10855025,560259.2446679905
10730275,263900.434157256
10963045,128402.7117338683
12491244,213872.86571267268
10712959,352598.76572872483
12509764,827972.7328080204
10724088,548103.8088330287
10734202,375165.91684066737
11645460,624242.3554319589
10767622,393590.50474411884
10728663,464715.0157656799
10777067,250553.14242911583
12641234,266464.14727615507
11120258,270450.00690898433
11549729,382793.8332109952
12034538,1494342.5305232387
10735515,461957.3776076131
10867966,490809.2086962958
12449558,254148.40713416715
12669215,524059.684828877
10932935,351666.93080918136
12870704,184911.80884154857
11076630,206320.2203892103
13924460,312675.51388964447
11168351,269440.3226055109
11758547,359713.9922043842
10764458,217511.18231052102
10909532,445546.4861749916
11047470,278054.24882767524
13046164,377337.20004856755
10968926,315948.5211004522
10773198,235584.0265339353
12059231,208234.03238504188
12047991,412740.57999606256
11086843,263894.6244803482
11692041,485046.2171049882
11078774,427849.0432777791
11534558,473161.0606522644
11668506,1835675.9644103672
10763732,314588.11304403155
10718004,617829.9120935069
11875263,242515.90959055856
10781352,246823.28626493196
11060725,228722.35336099495
11983591,480860.9501220993
11889053,1153645.403792901
10827464,171498.7994418743
11044186,140961.5728940795
13836369,388636.5695413843
10868032,995561.409740983
11162307,701072.3082586653
11105334,430327.4564667645
10778812,399741.07579778903
11672316,1848416.339138473
11609185,886050.30178312
10831084,388840.49396211084
11138911,176682.3536994977
11067813,1094240.744975177
12489356,397251.20253087766
11072180,582311.4945609049
11570517,815319.1602632187
10842501,157576.5918425143
10797658,668569.4028426807
12494086,336818.52415136556
11616970,804614.4100028948
10857436,264235.04839099536
12897896,271449.70617012907
10726363,477914.08756736264
10730772,332061.67048212065
10866483,1022702.2209616086
10768707,270632.8675313352
11647888,2173505.8456772324
12222715,269672.54692249524
11141095,158325.83792853067
12096093,340667.64564052765
10817026,356203.28271892155
10865773,496012.8428630253
11611557,586620.8231374685
11075639,407399.88878004305
11526091,472659.65817162127
12492073,361871.42919295066
10934134,691323.9811060748
10995384,478907.43493034755
10801894,315050.1402809455
11947284,489174.0266834997
12522861,384693.89304940467
12112119,250768.08042045517
10781325,226925.26215304693
11523451,854177.3987172251
10909901,331993.73536457174
11990156,354986.2025274728
11069471,574485.6011449333
12766598,271357.91138420085
11889733,814722.8950100057
12072102,237041.42639903803
12059752,276311.4348005603
12090047,257597.6840807697
10930205,468124.7738207382
11887693,1528483.4050618142
10778625,233552.39879210407
10910505,445894.9614529365
11065260,279954.3389360327
10906332,294890.3844340645
11085926,302945.2258857012
11603012,1161326.5443695977
11887478,1102265.103757993
11005738,255230.10150021844
11056338,253776.8071744252
11044290,162578.34055046272
12093732,691169.5778029828
12870311,280141.7342532892
10734717,474649.629958027
10795207,314049.3361958818
12668636,343182.6263479348
10869832,447861.4751387797
12032554,469158.55592267896
10814478,1029160.592956301
10907146,330435.55683155044
12045059,272004.6994894187
11567559,553159.0907312615
10856500,311864.52293917903
10990724,223339.2958792702
11084795,272954.0897957481
10792224,231699.46488918294
11130612,166041.6626606351
10764860,310366.1211758346
10868859,1585565.0920700736
11068732,393515.3434852593
10917840,2126248.303408081
12061209,272932.6068772092
11818812,123746.17468119082
11143186,214406.02175272742
10791809,317619.9767232848
11112272,412485.39201761375
10970995,157386.7933523815
11651130,745706.4981740805
10758975,582292.5028336794
11793739,281845.18128188764
11670418,815515.0087185799
12086900,102988.51881907808
10743619,546425.9281691002
12210368,113361.0783046699
13838548,377815.7755959462
11649137,2861293.9079196593
11790749,153056.51817398448
11071196,324341.8503002242
10840102,279178.3852170984
12614957,405864.94890293636
10800247,254233.03080021482
10733380,548088.3054375594
11146632,375111.13318811223
11082555,328971.932701478
10912189,778791.8581857536
10769046,232691.79608467835
10721673,284473.52110801236
10863462,360077.38286656415
11046308,270528.75446729694
12026203,840433.3583082972
12865304,363181.018462404
11157190,1198762.1950487578
10765223,313373.9196768512
11086854,269623.6340453434
11052886,344547.3907809859
11054526,208292.69138420018
11977012,341071.5310231046
11095241,421293.7948542775
12504637,166462.62024975254
10803262,199981.9981177376
11607809,408510.86311260134
10800351,432015.6181898436
12607747,170560.3410441223
11154786,190891.25056781262
11168698,285010.7455343139
10802962,197898.7667082626
12683756,260223.20057630833
11067439,576154.5455124995
11148374,294163.24501754687
11101229,231360.63126138572
11068862,1208579.6329148777
10791974,321420.30200663366
12038469,1556896.1371862004
11080048,427216.86980565835
10736533,178189.17933160593
10777293,276673.19590255414
11063627,251040.97863856846
12652688,387083.3659244789
11096054,274269.0564351758
11087110,273128.3142819998
11109892,289037.9949812708
10711792,270243.54366190644
12899643,326706.28337267693
10765543,277670.21737914823
11879048,700753.1753722372
11557790,224942.2995695357
11064862,256649.95548658757
14311130,300639.8047575096
10964742,242000.4765546225
11079595,427545.6730148316
11584328,397221.72762019304
11452976,279298.31236225314
11793809,164038.6323926096
11070920,372021.8584069016
12014865,330471.49476181524
11072260,345124.1265204975
10799251,222049.31858103385
10852785,427470.251708138
11466796,360950.93146749324
11025613,255873.22474548308
10850308,219190.82641886678
11080763,810413.2772637603
11589255,589877.4545346304
10989868,259454.17779309003
11085243,445568.02863275254
10857508,285773.9784862807
11153023,334651.4340705716
11091319,429621.8927804164
10866760,991898.7233316647
10866361,1208621.911129373
11981108,236828.72057103738
10800933,291331.6659093799
11617293,503101.5641236851
12624061,171520.82061697906
11526015,459710.8516722991
11658018,507787.31895080855
10775493,295582.6432293488
11692155,752473.4092705314
10893298,257625.69653868128
10721969,258363.76853560013
10793443,237032.3994244531
11623248,237110.04550682488
11092933,384394.5739662747
11610714,1865655.9214345294
10787086,231732.91470936904
10901588,352263.88721475046
10870345,445802.4930674601
10869124,670507.1964554158
11166202,333394.02703527495
12528201,1871455.281774918
11037578,308457.75522924634
10767406,507036.908523679
10718355,308486.8202406539
11137518,295836.9977252837
11065866,320394.25353954104
12030792,632053.6685723144
10729117,261080.41989684306
12045005,283733.80350605596
12438580,360412.2462095655
10722290,588286.5527347678
12020401,1717496.1447508193
11977264,289477.2044826386
10780353,232792.45642660803
11015173,378274.97350139316
10873657,173535.5967750907
11102224,269857.0836803371
11659236,891010.7020559362
10753496,603142.6603208545
11071253,347159.91733779636
11889553,1456527.202826221
10871835,445804.53074584645
10897437,268679.98712175625
12434619,309186.29989466816
12045296,468600.6611892
11161397,207645.93574166246
11122071,546638.7702791897
10872042,227121.0915907087
11598801,1786838.4191173785
11011858,232447.90526402206
10791039,214696.0507735857
12643705,218725.65331311317
10802952,158238.38602008208
11077410,365372.48784266954
11570509,431311.1006665236
11112417,356494.11110293807
12034586,1199884.9009693717
11066617,387070.0391530014
11015935,354918.9964839248
10989423,363902.73023968446
10982650,159881.14394609426
10726940,1004485.3522771427
10890504,292151.39813574427
11344039,434295.6349146234
10894697,261225.74860184453
11450317,322364.84431665734
11976989,302789.3969319186
11603251,678111.6768666054
10798481,176998.1598153484
12112043,297379.13659166987
11149020,691814.4153197777
12079157,498332.48929747014
12464512,740140.2476225664
11069668,353543.03613001725
10879137,333695.0795342117
10905470,357460.41243704106
11166847,237233.40634126271
11141451,87619.56785403783
11168879,227704.24925445707
10813096,520316.39529399155
10723219,681679.2733349991
11108777,391889.59680593555
12047244,506345.7386242868
12643788,348251.4463203334
11753732,247008.55230206225
10871648,245853.20571205122
11170606,369333.1821702515
11574226,724393.676181032
12217054,226690.07068713836
12512506,329092.8626739286
10867718,740158.4903842035
11066244,417206.09114106104
11641901,2564658.1874468415
11647034,2019361.423422636
11144320,151003.99387086838
11129189,431808.20353163395
11077155,356858.48598332773
11544714,256191.1531048162
11692983,1567859.6923679924
11540081,834681.1236279891
10916421,700819.2815282512
10784864,326856.51201625646
10885254,204168.74107599814
11087155,285672.70662848715
11978623,158410.19569447156
10765557,354059.8661986286
10964301,313860.57554668403
10861050,290167.71957684465
11006848,404347.704985531
10815389,509130.7836927744
11015680,414525.6487343804
11667720,1033985.3334768228
10811799,729628.0321176877
12107747,372824.93353404297
11049298,224083.33119994812
12457222,147729.76321784753
11938814,320268.91782871063
12047237,367734.8471507234
12539858,195083.0419985244
10810335,408335.50750258897
11812368,303222.087713259
11817917,181363.47711741205
11015277,332244.1930422561
10832799,226619.18520557103
11445895,299159.4405481533
11119850,353409.6229090085
12043651,440881.7122429167
10808792,333256.7286885625
10809365,951553.953492515
10902700,458926.3491697175
10863471,294840.88046471984
11160775,395099.4270187698
11517886,699598.330788835
11985373,743293.3893504859
11611202,2024289.8063630566
11612854,645032.8657046143
10919108,236042.19130799625
10862809,283477.3953048225
11010957,620233.4355386574
11664292,545114.7805581816
10957658,247270.70636936586
10761733,227468.78630200072
12078929,470505.4564471144
11118835,402109.02389884746
11169066,412923.6851598698
10885355,283785.02762413246
11053480,292752.02351569216
12013877,379859.24434521486
10922241,294414.92310191883
11432956,532442.1627246081
10992292,344765.38308413356
11119171,470586.21127982304
11108344,227320.1644827516
10775325,194162.44119637253
10753747,1096987.0385348499
10883501,317515.8571555049
11150584,598976.9391433876
12094211,942917.2376589375
10964157,451785.32088333805
10853993,823537.0599134477
12439217,325247.87537608313
10757758,463310.006126769
11892088,606037.8679232113
11112873,341830.96559291554
12079586,197008.23176470137
11583281,566552.5908638672
11010176,385664.3927048583
11089958,310848.4810941675
11139577,404332.9767633621
10862728,348316.47372775566
11129720,329265.1736175531
11692734,2556419.690321622
11082212,290552.49509165686
10766567,465641.13407950976
10892107,352976.3187737191
10990001,246769.85064905367
11014044,405498.4740920401
10831637,79897.76191250485
11469941,498670.26688198175
12612013,718076.4959883528
10865018,861187.6766429316
11044613,216440.45283699044
10773372,105802.82603052493
11108466,296070.15459628
11115100,543577.1180681674
12514966,381657.1600342345
12083246,256660.15806505526
10861678,677358.1502094452
12012422,527096.2173671378
10831601,114900.79020574114
12514596,1674786.0722467676
10732775,389355.74388952984
11146906,307712.6709951036
11661168,1150029.1997747633
12511066,158913.8693465098
11342020,269236.84307490406
12518352,397676.5097216023
11086589,294729.7905519755
10792145,208395.92983449576
11009888,957226.0183630291
10808805,323519.60962226335
12766336,305104.4985298829
11749106,278502.7418238933
10793529,250079.27709423073
10736570,148035.36191376578
11034222,311677.09585965495
11046871,284198.34378086263
10797134,370993.77295798465
10864372,1859202.03142202
10720675,334047.95496347256
11181611,458738.10081430647
12464255,2032482.5247631753
10753534,788312.729948583
12994400,231226.18339969948
11128495,392566.6869717542
11161481,204826.64408926255
10778015,268300.0746923713
12489755,401704.51758051355
10970575,264693.2287284986
12865004,309938.2837153079
11054945,285402.60493414564
10803085,168941.32498195054
10735756,357665.4119662343
10867227,664779.7950245779
10813352,300557.6928303919
11089538,751950.405935097
10893193,341427.3677369521
12057584,597714.3362581566
12119900,258345.5466590945
10925527,185780.18386806612
11945389,303479.9246484745
11082675,415875.81876602396
11646841,1012818.8291804022
12463246,650025.5550865717
10785973,225084.7796722337
11690781,607671.6117507211
11987875,1249250.9085639983
11147058,296068.972344001
10874098,206404.76117796524
10772545,160208.29998384728
11993937,483044.2165572164
11640842,2239592.9573831935
11094018,221339.55652256243
12111693,265770.2572328504
10991692,411972.3575361853
11562721,1002741.5278975958
10806613,595781.8315448157
10785997,373046.6330844966
10797553,311753.8036627211
11620947,540409.1645934102
12026269,1060231.8865680553
11463266,462169.9221061684
10803327,156882.4773053322
10967510,315027.7092761625
11344051,434247.311831426
11887648,1488255.7740698003
13055056,379382.116429461
10908367,275848.2462471288
10730395,348344.2857074196
12473624,134585.85779613
10793608,194182.9928042935
11128824,301505.918774454
11889859,336830.6816930235
12045092,378999.6279507972
10758844,434779.0112133036
12523263,366377.8688314661
11451357,367356.6635655754
10904357,520619.5315712548
10782643,142446.2153818257
11145895,559358.3378018376
10768188,269139.77692364744
11631401,570668.5650101013
10804905,279558.5896131267
13046872,275510.1384586512
11155839,277663.7125508788
11983199,153447.45528195845
11152939,242368.60201620773
12053161,400586.03068883484
10726403,404107.10654826934
10784109,211081.97519887192
10741127,387804.4224312903
11644373,348236.77904323733
11036572,180125.32166373875
11088561,260851.7867025191
10760024,536703.6007398877
11093070,340922.30358137324
11660149,875800.4235749627
11043496,225685.67122752618
11474615,230788.26190775802
11463097,2163163.4827830633
10911706,742616.3889657169
12117812,591701.6852162692
12552913,275749.81720185495
11000323,226497.4292978411
10853039,492094.9364459384
10772426,185313.00464682153
10847395,255551.485953114
11667362,852205.8016924991
11150723,262349.9956428267
12075854,438242.5634267602
10896110,422790.3360560545
10846710,476143.91496954596
10735535,597804.462279158
11163751,378181.00342350936
12112529,728844.6659302727
10866583,535014.5315345883
10757699,445863.0090342962
12602616,486884.3401878777
10732424,544019.2815756368
12560630,350797.2576364696
11060871,392198.2391875964
10797474,395145.4320255251
10853761,465903.07343284396
12204063,117976.07189528235
11791068,295209.6925974977
10909324,268136.44265283784
10911753,437884.3218477068
11042330,230845.59270516844
10867532,946136.091275675
11663958,1550738.3349399604
11603501,1124243.0178115568
12087146,390536.370009163
11101537,226047.71763750602
12606293,320530.6221622012
10783284,282367.5043099528
11106009,187713.66757035756
11037028,152488.76308116975
11873671,663056.7465786767
12110129,291286.3388090381
11790645,291647.16051734466
10783679,315419.52806904016
10959209,357371.36405864125
11096686,252174.7703382627
10758266,463755.7181170399
11983176,153874.930313326
11179943,784376.7511112831
12239478,109948.79970837166
12121499,554449.1069444828
11122092,557315.0881994031
12117463,412770.1288803823
11076396,270842.5884311258
11450918,268098.2025623477
10823752,240744.33655963774
11092286,295977.4792395019
12631379,122040.1550498999
10861396,1538142.6683120357
10720818,308306.9416329671
11087232,250412.55696673846
12087438,391470.3543376167
11068695,363845.9127195884
10735184,459505.5326808438
11474165,212717.77379473535
12624590,208243.48466124598
11526513,647588.9201400066
11343292,241327.72945474836
11129234,431967.1566259955
10783591,238923.4252058999
11017146,221679.79726392424
10819604,259494.56248943246
11614314,554641.0010171161
11623929,2044015.5764353243
10795916,339018.8256321222
10860728,395108.8209023452
10825345,150813.5656719242
12034355,738002.2141785827
12440445,255016.657501105
12984023,272247.07770526095
11068378,533201.9104405473
11342743,341459.741322667
11598080,391142.3022645352
11607547,439101.8774869444
13973673,284615.3094645673
11561310,268321.1280838308
11913904,722112.276404206
10882466,230377.277702341
11659696,1231980.590246977
10772036,205940.73049676314
11051819,278356.4471837242
11568878,536599.0186713476
12045622,337956.88480714924
11082604,290518.28226893896
12083178,303209.0877278961
12127599,471768.90895564214
10777941,74088.10336265237
12521424,683866.5040821666
11085064,262454.55365496234
12072043,584865.5588826657
10777579,319896.3932231738
10805783,495666.64072547003
11872582,232319.62973277445
10785136,210470.21742370704
11038978,207901.44892660234
11886376,1142209.990202254
12190502,200283.87011708005
11888472,407778.7172085334
10902683,414280.98162837717
10815187,499868.11673111294
11102962,252564.72882152136
11946194,323231.6039055122
11051322,161015.3093794019
12523442,240311.38736691306
12435134,253564.43359637144
10886589,259854.839966931
11651763,1335493.920793456
11170533,146004.60885447587
10962187,226783.02780929094
11112772,420062.71586656716
10852147,120347.12961988866
10973034,104076.59569057162
11140687,156974.6214700745
10792180,259876.14055373508
11142255,379417.9178818654
10803145,151995.71483696494
11150934,445288.41423838004
10856332,325213.0784692395
11168355,269215.3724567923
10743669,432831.39224788215
12034402,712355.121101259
12603236,427123.76992140576
11616270,700281.8148820875
10812591,868937.3501594808
10900693,333768.0496506948
11099275,287760.4857119607
11987311,636130.1458818786
10919176,311306.7311178001
11345029,457699.69104455557
11692538,1937613.6694425903
11073761,332368.9383584782
10893706,688499.3599308371
13053520,758455.3949105206
11151487,428407.2378076959
10757250,526114.2713689209
12061711,219490.91347608282
10853812,670891.3756591226
10712715,297609.3867273339
12099588,983463.0818738727
11076013,592201.3219364394
11475593,165696.3447973664
10815768,289159.513051657
10730260,313916.0244446369
11173523,140590.4233618545
11155302,153093.82964369247
10869712,931087.4338660928
10718866,415481.71971148596
13845879,183043.2407374194
10905246,323529.4781236082
11556545,301235.5715865321
10762000,299439.13446960447
11041114,350096.9262452972
11633481,565222.0274355657
10771685,240215.63647942737
10774057,234467.97182026005
12110181,315598.20646629937
10857519,225668.66399756237
11142211,311833.6381391082
10858045,508193.6348530168
11655224,1155391.6243936343
11110641,155923.77167793352
10986665,125778.81161036377
11041632,192502.29610009852
12767373,172216.50559174604
12042685,285334.4685046057
11149748,554017.9084163061
11641652,4746444.421945228
12075819,556400.6890365605
12533802,159105.3013940385
12495284,273055.8227588547
11039715,298895.63496219245
12022520,1398353.6255510554
11650591,1615896.0721315723
11129512,322898.7977158648
10830422,351379.4070755213
11603937,551797.8747746871
10766414,281783.67934509425
12519505,393532.6824628883
10862381,463141.9228095506
11155485,233594.2731278599
12071022,339040.70632767404
12639959,301049.34904183785
10741113,426960.59209632926
10716212,352521.412209827
10774409,246366.75153149464
10963784,319371.8996888037
11620610,584389.1132217644
11013857,961005.3701389728
12041290,329204.7774675448
10915807,370454.20118599024
11655555,852257.1066761712
12510618,160336.17402874416
10809352,1581672.1325129247
11671362,1249448.4987567924
11149771,395379.1050973284
11064539,571105.6941132921
10850074,277846.39181534783
11096318,107419.04573960752
10815474,650989.808266732
11758222,237719.48883894118
10777248,342845.7274961045
11061400,412434.5890675184
11953157,337488.0164674613
12610787,428364.602531372
11996271,572741.358275528
11650067,727764.129677715
11180351,410597.440294444
12454044,203454.2223951096
11046365,313489.78197491664
11391418,180351.66464045734
12049039,1599069.654270696
10813196,403716.76963778335
10819705,284625.6313002777
11017458,428735.790543591
12040556,1006783.9684394336
12460831,790645.6883775301
11087683,163457.22164664068
10804257,267008.59768840496
12079304,679016.7915729966
10930922,256235.62034018376
12110505,269470.23463220464
12072116,435435.21972108696
11110667,153026.38534973617
12215252,109625.41219088607
12058669,443474.468531142
10759278,534974.0166558773
12490143,486888.8024481584
10769297,337283.0458694764
11560910,579894.1148449624
10789458,230816.76546185862
10812186,1412690.5135334737
10804158,169592.74238289296
11119156,298373.431518882
10806117,736732.6172261216
11819674,340529.069541398
12048763,1241095.05269183
10826253,242276.6596006409
10774649,471990.93033152126
10892600,734741.4971621851
11109278,202518.66273134266
11145574,179103.64920076902
11465246,292141.537420183
10981981,208586.24883342691
11045352,206211.31852407102
11656616,1133404.3406542127
10872743,267880.7175379094
10728195,254423.7288238299
12039937,494230.5022205787
11536174,1310308.6049417881
10993165,254738.6443579497
10793295,151770.40266753218
11871925,241506.82735835228
11631214,815854.9186348135
12436124,479229.2339625266
10846170,282855.9416674052
12697879,493609.4795732381
12866051,359579.06551049603
11090816,413166.5163296126
11464921,518530.7050452761
10869997,630780.4105957611
12066144,239930.9800601087
11968446,499485.59641438094
13048255,290825.4076847024
12086862,126199.2977005726
12670224,449803.3670907256
12116197,516707.64765988954
11046237,165846.1772351724
12054737,396200.96996979957
10815088,459895.7246360551
10852227,117811.32705850259
12065147,266629.7880578703
10722988,388426.1840933592
10870128,880873.5594065815
11446413,456272.70996222924
11162824,196028.5634177579
12641850,228297.1397915476
11078080,360659.55431726365
11106326,422799.43774679065
12093354,545271.026727776
12542315,154830.126116818
12630720,312977.8007248103
10790893,285879.3501562689
12071453,315850.1340075232
11948385,376784.5364745067
11875558,371929.1782799337
10774427,247845.08325812564
10815611,756349.2652964696
11879154,226477.3641579928
11671799,762077.6763369262
12034612,1039821.92891695
10992398,329207.1045726251
11660333,673495.7383399107
10869405,765671.1455053079
11119511,505307.0804311212
11146795,375306.20620608865
10767558,581352.5379754661
12067354,193046.28476920398
10888074,185846.95119888175
12628066,377805.8337219371
10756764,444010.9884486643
12510317,328802.7089360356
11688836,1859934.7789703684
10869811,738661.7103385349
11072247,371170.3510704089
11056377,216194.9240550038
10800565,103706.42425063044
11570040,911160.7582334236
10729960,258106.0515675316
10873721,300270.1531370112
11103135,406262.15670057735
11097082,604649.5639064139
11068569,412855.2474455621
11667020,1853964.2173480508
10762208,193264.1755924924
10869350,706988.2822720726
11022074,160874.62933221628
11981618,330130.8915856499
12602867,524531.0104959757
11171338,157663.02883936322
10850707,280564.2160434669
11102246,334827.2501006913
10736777,3732459.8169316226
10765623,433425.9817398288
10906389,373235.17921945965
10826832,256145.44387450418
10721389,317421.67244074174
12523788,352972.67920548434
11110717,157802.09329560047
11016004,296708.28454101254
10901607,356686.62784088193
10810308,519999.31901713455
12514388,405649.7355558053
11137583,444369.93782734
10779382,421595.54648071335
11028413,378677.19892092084
10883406,209503.61012475152
10962273,188392.67338975245
12608248,505542.5947128813
10882743,114325.73964005988
10867659,771391.5496750945
10774884,198331.308280376
12066852,199569.28686538993
11068881,849287.7827209618
11068679,386202.43468953675
12684052,529195.9694040227
12079317,380129.104555702
12055967,358412.24516119104
10741478,542917.7455239507
11871552,259104.02364556276
11569340,603245.8189287522
11641926,1044055.5569035581
12765676,313901.62107097404
12525547,319218.30633772316
11141238,141843.41323536777
11871540,259104.02364556276
10897594,308077.046346654
11082073,138216.48966012037
11944397,344727.1952518144
10771650,214423.79920652727
10861663,431959.2251563859
11112265,443917.42305483005
10765705,283113.1476748979
10990978,181057.77900122775
11975569,234473.8894009665
11095825,136374.84225202436
11161730,228845.31559198257
10801111,205027.68278421144
11648459,2981764.233295158
10718002,435009.2850982907
12093964,531505.3461048815
11159669,206232.77571622824
11158897,714721.7965084038
12026454,2380029.163659373
12549077,193101.14470747983
10885153,209636.4261788415
10797530,1005757.1237862234
11096342,95081.4977171282
10733401,664158.5189864539
11037056,198484.06375214807
11008892,365741.946102368
10733535,340364.1963584848
12530320,211547.44372248935
12522474,330433.3397211316
12533913,322883.75781975733
11013794,296682.43708698783
10896533,499819.0771641095
10873813,259703.79400543103
11598252,389024.63549888716
11787647,155565.37792518258
10772522,302512.93596182275
11644269,874722.866429076
11662708,2280761.5714017977
11653721,1703098.3719787279
11756688,329964.63647724735
11041456,193573.51925236997
10799641,350682.67882887635
11731870,239881.2712919557
12642259,302818.05447569664
11180035,788858.5908670829
12641994,281656.3740522556
11982398,759839.2104643274
11603179,658625.7980431281
14248117,413498.6581640736
10745402,649436.1394706676
11669842,2712836.986122259
10829775,229199.65607813466
14309137,451762.2736721354
11692019,1125769.984725419
10756957,259299.06885023994
11343391,241377.54214501136
11168468,310842.6355524527
11060142,258014.40008903228
11648215,1596308.4590483357
12024393,1513429.890064848
11169212,731229.6931942316
10984324,256842.7835946456
11528949,424630.2989282356
12463719,663295.2398782113
10799656,319867.04741788504
11052942,259686.7603091668
10845150,250129.6610706336
12041648,333842.0093674927
11154022,191630.51390609492
12022689,1207041.9044742566
11889108,795423.6628202719
12518879,255570.01175834672
11162111,465085.18849543575
11654901,1263279.8791030447
11062624,215348.84700341782
11057317,319604.56573701964
11166923,237072.64341849345
11602765,936621.0129276301
11619769,572034.2667293834
12530891,246701.23074809794
10907457,525849.0548815262
12523454,278506.3451720928
11128668,409066.4573473836
12521254,670105.8061400158
12865420,403506.5163706077
12102849,208495.35826660492
12071890,378007.3412471362
11155041,143859.88694787316
11075579,443330.135548968
11619552,750849.3363963107
12076705,590823.9720900834
10811977,743387.1254683678
11462490,340967.18610860955
11610627,853198.1201108858
12054054,287844.48498061736
13838061,319577.81617864623
10927148,217749.51695749268
12048954,1003488.4226303999
12103483,343469.9892752641
12467694,366127.95548012084
12865134,352114.8755735086
10981433,238164.79606164966
10796208,509613.49343838065
12117769,376199.46644210827
10967549,229561.18879475823
11539397,1341805.8761297893
10867366,1092475.1434384522
10767183,484066.5653443529
11892827,3201838.556793922
11015827,358502.0393687155
10858994,698266.8820469902
10865580,600896.608391972
11640652,1280608.5225751998
11151335,533822.353511509
12642258,255678.99192344357
11153040,311251.29548739153
11149516,1188573.523099522
11779699,315684.3570539088
10729948,258106.0515675316
12063251,272626.5216091543
11010175,471884.07619470777
12679738,371554.006805335
10786098,187604.60651417373
11152788,366905.72677245416
12700583,411395.5707972966
11146899,339347.09305336303
12076246,1122129.998921981
11067752,1200371.4364144017
13052774,346217.2036739509
12080388,1016198.5869187827
10919775,351467.4689373186
12070852,302512.5593507667
10808170,726939.9257455227
11666815,469827.7553498772
11065543,271779.71508723375
10797947,483825.5211425683
10860078,449888.1432237673
11058052,247191.30015573662
10772018,226150.55683007475
13838759,397260.3119212638
12009977,340378.8337193881
13055251,416171.7702197376
11099085,285671.8718281833
12523440,240311.38736691306
11756500,342219.7902035086
11079663,396149.55964382493
11102303,324605.6008703953
11036960,160892.15889366713
11059628,347877.5421616109
11128637,420159.7563149502
10798866,121962.21745578625
12099964,452115.4090378212
11087389,247926.37436928708
12560019,342585.69283028675
10765175,260129.54793545383
10930058,734362.5860727783
12547871,463130.5076510542
10916064,1141550.4795623
11074301,420050.63123846205
10888400,433637.2193568973
10715984,389376.250184842
10776174,409360.3610410795
10870737,992567.3417431243
11042071,307414.9776924114
10763477,169199.83909454406
11151317,444014.3556266966
10810229,316132.7059196283
11761506,146295.14099810997
10765566,354055.59261952003
10847359,255551.485953114
11077603,307450.54068205925
11114612,537433.1178533342
12638824,211486.0632575992
12434875,424164.0937108599
10839575,245545.33103316944
11005922,343372.2599979678
11875744,299052.4290282233
11161158,248265.15705636755
11618427,508635.5294851688
12899773,262720.1558065894
11984159,1214076.0330040345
11459029,372822.1302067106
10809508,507759.07013099425
11609417,419255.80766241654
10905325,329556.4511976166
10861084,480802.6339313913
10830731,304838.2541220936
10887721,330303.63610620645
10892420,263414.8128267438
10848760,265388.33071938704
12040935,316170.13246889657
12052134,429400.1970896157
11074457,358766.3796074698
12075818,461928.6594767956
11660607,6659193.014944892
10835172,345837.13261384086
12540937,237878.44606526374
11137719,591782.5875221577
11669985,1625151.9160753873
11106732,348534.29070597043
10853036,565481.7107204067
10929945,790631.663876158
11161940,329008.06336390146
11966211,273315.5426033945
12127311,386939.38158037665
10895055,388825.03013035125
11163694,166306.34113932677
11890955,826450.8730364805
10831506,195823.24764786175
10852232,120347.12961988866
10727483,345955.1052095779
11620594,636920.1479593596
10969593,191237.2939592335
10960010,201844.37936064953
12448446,259719.7425643609
10816883,487677.5564797819
12460391,261659.9374900774
13050107,710695.7329613268
12067295,216588.18455374963
12095158,1048230.93966791
11078818,343652.3756812467
10970887,311659.2941532099
12099258,361117.55632033834
11345415,520496.66827974055
10735205,438050.81261505897
10743876,319979.9516754588
12440747,391163.12159901037
11078899,457291.78743904596
12072295,994318.2684812371
10978613,156901.50365785055
10990448,695297.3456873473
12072172,1121619.608426071
12124437,310112.24640509574
11053699,261473.2634422637
11145132,313516.9285529665
12254768,172224.26483842265
11119455,561036.7920338359
12638700,183234.1792469335
10963788,372867.24518878583
11756094,572388.7246511956
11169943,324333.3443652364
10834938,265539.7334247912
11871219,197889.8301988877
11342308,132640.59826955758
11106470,124251.41189976312
11110390,266884.7018340419
10735203,426956.3829889807
11697297,169628.77768758725
10800628,201983.7903056349
11649066,1829329.6301098587
11658353,411399.41274482163
10721533,316956.35591272777
11653752,1682679.549914683
10722995,307526.3285248646
10790157,343707.447652413
11993795,381263.3481873112
11110701,144092.9250908356
10910894,352117.7587603915
12093716,475163.58366038953
11042248,206692.29420969452
12074536,617315.1744998671
10896729,243242.5057571977
11120633,256143.57238666413
12122172,460339.36993568984
11447521,223410.71729558747
12109755,376297.886363102
12053872,413867.2970493974
11039011,147832.49517139333
10806592,650172.8791853903
11641417,1154349.099682919
11096756,244089.47808042975
10729407,244955.96213245322
12461797,225767.83189891165
10962864,352775.6316364139
12053635,259046.01597009134
11543392,471909.53392354667
11870612,312859.9352152067
11150908,455100.918754448
11669404,596462.2972192311
10927024,198882.79321224816
11139292,557737.6693042298
10906101,386582.0964955597
11056839,242079.47751209547
10757161,386451.5627756439
10792537,176562.04121884707
10794964,305010.9919406696
11014650,312333.89014671865
11009857,990117.1289275556
12126373,257838.9024286673
10797893,375448.24081589316
11058536,215455.02233848476
11078792,382975.5420900091
11886887,548804.3955724589
12013734,545684.1446159302
12119254,325076.8336288311
10728872,304758.8776945951
12546601,461218.8522609784
10718872,413207.6209359017
11787596,145948.99207899967
10921797,196293.71388491715
11170405,207909.06204168007
10733361,524899.1207072244
11653134,4150900.147772603
10990452,802936.6712268315
12114161,197968.08998749245
10909958,421637.2251625437
11658514,779666.7471041485
11094753,109946.29996137392
11872117,280511.1532938769
12035356,1264022.9943653224
11051618,268770.71144780255
11587692,362487.7755736966
11004872,260409.2806765052
10806484,373812.0600118143
11647528,984039.681796782
12527855,281569.28249212436
10766380,342893.5392438161
11016514,251073.27971812434
11672334,1907129.2850112906
11540338,382462.6124672448
10732478,494891.71183899126
11181157,588346.5202049859
10803985,145503.32031246307
11165249,476435.3969423985
11154443,285321.5931384284
10920698,358360.9843567483
11101079,304682.26389748073
12110542,295067.9686395746
11524669,260138.43534839395
10887139,254397.29542461966
11046448,187859.54157068147
10714290,276763.3611596413
11091492,301409.1401831726
11952227,417585.2889477662
11042090,223513.81731547465
10970478,174630.31549073386
11076462,280416.2882027008
11099239,275576.3923308669
10811934,576916.6690479981
10994106,272869.4725433315
12540281,167709.86334681214
12111828,226607.8163452206
11654079,1486857.6949412904
11645438,299126.4636557588
13837967,265778.06165315356
12113507,351841.1882778319
10793700,227172.12832978976
10805166,149666.3992869523
10779165,321311.27646127384
11944153,346662.88696041005
11073047,285185.3543806618
12700139,286329.72383662313
12865680,300684.62806375604
11672478,5138330.989896006
11029110,350424.0582783739
10805319,1232656.5767215232
10831387,143204.76254800605
11059692,179817.02815304234
10982087,289060.56026580813
11113467,550394.9855285415
11109198,319628.28135423834
11702188,238599.42603315046
11169817,183040.4195551724
10810354,488452.40449379873
11652249,2164047.521065406
12523818,793223.1498632532
11012989,357138.75140911253
11010745,437234.8184839863
11181487,499743.81766257144
11814285,217167.35104128154
11010174,683545.5876030028
11169930,185534.6761542637
11521704,387972.2442739242
11087328,297683.675060887
11458185,370739.67165718996
10848832,142883.6991104442
11060332,322431.48379982094
10759679,722905.909397049
12544397,293456.64700158645
11118477,914382.4867283821
10790898,323964.1119639699
11163923,345284.3426940509
13985818,320110.36673161096
11343031,197060.33156101304
11149419,638810.8623149849
11049966,361729.57921002683
10903267,268376.9320433562
12560628,346630.22223906
10999733,349868.9722223739
10794281,215038.24416839177
10774951,329138.98623155
11568906,783848.5397390866
11667933,2098402.941746629
10981241,285404.874196663
10767527,361189.1153962081
10772250,296551.077190644
11119224,382768.87490648864
11953962,455058.52849083266
10808213,314218.1526463517
12037518,671672.4742417714
11080564,556368.7915070051
10852297,92044.94963648095
12113283,376378.2889655098
12039002,262177.9543759442
10742043,671405.7208013053
12698876,214800.09877243984
11543707,483023.9178204595
12014205,2136719.3916863
12066227,141055.66837617132
10712267,356862.15662541887
12034456,1400735.5134155492
10725592,395520.47561960004
10759010,553750.2830937812
11757281,646462.4890389822
12078547,799327.4459048377
10916908,719943.8093517249
10990163,307590.3030862345
10871008,217620.9624968166
12110419,291866.61046707863
11068525,894652.8679912094
11654526,2251427.364002512
10766000,551822.2367433817
10733627,329875.8949338695
11672473,3150126.1047271774
12656936,191540.9897246481
10863104,410484.5742625569
11079582,314289.1264344534
11164008,376132.50582236773
11083961,292222.773716419
11083107,271019.5364174396
11080168,550923.4068385743
10772961,335667.32312575914
11159655,276747.0707368809
12027072,504978.30950277863
10918504,825024.7247083675
11181337,423789.06820085866
11871266,210171.21961418414
12548039,179645.91952060026
10990771,239243.33562168534
10806735,1023036.9486638987
10827209,241785.77994285736
10905844,837062.088856161
10904337,345308.40634646884
11670077,1371073.9295888324
10859863,299166.2831917388
11779684,296614.2450526355
10815544,516648.39909798943
11449180,213705.17989428376
12028075,521709.1371077895
10837422,183900.30837008968
11668663,2414087.8195703803
11145159,324253.13523611194
11061893,294268.32273998606
11063018,106531.99346742869
10717609,401267.12116057344
11042064,307414.9776924114
12099951,775433.6846864313
11951960,331192.05886225036
10877052,261747.2283583053
10991930,120520.68033224928
11103888,189991.25415016533
11614730,431072.9339509677
10910905,372905.79079128336
10729267,293306.35131316015
